{
  "audio_to_text_R@1": 0.29249998927116394,
  "audio_to_text_R@5": 0.6549999713897705,
  "audio_to_text_R@10": 0.8149999976158142,
  "text_to_audio_R@1": 0.3999999761581421,
  "text_to_audio_R@5": 0.7799999713897705,
  "text_to_audio_R@10": 0.9199999570846558
}