{
  "accuracy": 0.8297872340425532,
  "top1": 0.8297872340425532,
  "num_val_crops": 517,
  "confusion_matrix": [
    [
      221,
      47
    ],
    [
      41,
      208
    ]
  ]
}