{
  "accuracy": 0.7949709864603481,
  "top1": 0.7949709864603481,
  "num_val_crops": 517,
  "confusion_matrix": [
    [
      194,
      74
    ],
    [
      32,
      217
    ]
  ]
}