{
  "image_to_thermal_R@1": 0.3384458124637604,
  "image_to_thermal_R@5": 0.5316973328590393,
  "image_to_thermal_R@10": 0.6061690449714661,
  "thermal_to_image_R@1": 0.3462849259376526,
  "thermal_to_image_R@5": 0.5349352359771729,
  "thermal_to_image_R@10": 0.60429447889328,
  "num_val_pairs": 5868
}