{
  "image_to_thermal_R@1": 0.2943081259727478,
  "image_to_thermal_R@5": 0.47631219029426575,
  "image_to_thermal_R@10": 0.5565780401229858,
  "thermal_to_image_R@1": 0.30010226368904114,
  "thermal_to_image_R@5": 0.4870483875274658,
  "thermal_to_image_R@10": 0.5615200996398926,
  "num_val_pairs": 5868
}