{
  "dataset": "UCI HAR",
  "modality": "Motion/IMU",
  "input_shape": [
    6,
    128
  ],
  "train_size": 7352,
  "test_size": 2947,
  "test_accuracy": 0.7940278249066848,
  "macro_f1": 0.7917907380328262,
  "test_loss": 0.5613041284582905,
  "per_class_accuracy": {
    "WALKING": 0.9354838709677419,
    "WALKING_UPSTAIRS": 0.9341825902335457,
    "WALKING_DOWNSTAIRS": 0.9904761904761905,
    "SITTING": 0.3564154786150713,
    "STANDING": 0.6484962406015038,
    "LAYING": 0.931098696461825
  },
  "classification_report": {
    "WALKING": {
      "precision": 0.9978494623655914,
      "recall": 0.9354838709677419,
      "f1-score": 0.9656607700312175,
      "support": 496.0
    },
    "WALKING_UPSTAIRS": {
      "precision": 0.990990990990991,
      "recall": 0.9341825902335457,
      "f1-score": 0.9617486338797814,
      "support": 471.0
    },
    "WALKING_DOWNSTAIRS": {
      "precision": 0.8684759916492694,
      "recall": 0.9904761904761905,
      "f1-score": 0.9254727474972191,
      "support": 420.0
    },
    "SITTING": {
      "precision": 0.7575757575757576,
      "recall": 0.3564154786150713,
      "f1-score": 0.48476454293628807,
      "support": 491.0
    },
    "STANDING": {
      "precision": 0.7949308755760369,
      "recall": 0.6484962406015038,
      "f1-score": 0.7142857142857143,
      "support": 532.0
    },
    "LAYING": {
      "precision": 0.5592841163310962,
      "recall": 0.931098696461825,
      "f1-score": 0.6988120195667366,
      "support": 537.0
    },
    "accuracy": 0.7940278249066848,
    "macro avg": {
      "precision": 0.8281845324147904,
      "recall": 0.7993588445593129,
      "f1-score": 0.7917907380328262,
      "support": 2947.0
    },
    "weighted avg": {
      "precision": 0.8217368509768344,
      "recall": 0.7940278249066848,
      "f1-score": 0.7851819978048008,
      "support": 2947.0
    }
  },
  "confusion_matrix": [
    [
      464,
      0,
      32,
      0,
      0,
      0
    ],
    [
      0,
      440,
      31,
      0,
      0,
      0
    ],
    [
      0,
      4,
      416,
      0,
      0,
      0
    ],
    [
      0,
      0,
      0,
      175,
      61,
      255
    ],
    [
      0,
      0,
      0,
      48,
      345,
      139
    ],
    [
      1,
      0,
      0,
      8,
      28,
      500
    ]
  ],
  "class_names": [
    "WALKING",
    "WALKING_UPSTAIRS",
    "WALKING_DOWNSTAIRS",
    "SITTING",
    "STANDING",
    "LAYING"
  ]
}