{
  "temperature_ablation": [
    {
      "temperature": 0.05,
      "train_loss": 4.49573286118046,
      "i2d_r@1": 0.004608294930875576,
      "i2d_r@5": 0.018433179723502304,
      "i2d_r@10": 0.04608294930875576,
      "d2i_r@1": 0.004608294930875576,
      "d2i_r@5": 0.02304147465437788,
      "d2i_r@10": 0.04608294930875576
    },
    {
      "temperature": 0.07,
      "train_loss": 4.230984326331846,
      "i2d_r@1": 0.004608294930875576,
      "i2d_r@5": 0.02304147465437788,
      "i2d_r@10": 0.041474654377880185,
      "d2i_r@1": 0.004608294930875576,
      "d2i_r@5": 0.027649769585253458,
      "d2i_r@10": 0.04608294930875576
    },
    {
      "temperature": 0.1,
      "train_loss": 4.148853332765641,
      "i2d_r@1": 0.004608294930875576,
      "i2d_r@5": 0.018433179723502304,
      "i2d_r@10": 0.027649769585253458,
      "d2i_r@1": 0.004608294930875576,
      "d2i_r@5": 0.02304147465437788,
      "d2i_r@10": 0.04608294930875576
    },
    {
      "temperature": 0.2,
      "train_loss": 4.104570773340041,
      "i2d_r@1": 0.013824884792626729,
      "i2d_r@5": 0.027649769585253458,
      "i2d_r@10": 0.03686635944700461,
      "d2i_r@1": 0.004608294930875576,
      "d2i_r@5": 0.027649769585253458,
      "d2i_r@10": 0.055299539170506916
    }
  ],
  "second_ablation": {
    "status": "NOT_RUN",
    "type": "batch_size_or_lr_smoke_test",
    "reason": "Skipped by default to avoid retraining NYU Depth V2. Temperature ablation is already present; set FAST_ABLATION=False and add a short training loop if more runtime is available."
  }
}