{
  "audio_to_text_R@1": 0.09749999642372131,
  "audio_to_text_R@5": 0.2849999964237213,
  "audio_to_text_R@10": 0.5024999976158142,
  "text_to_audio_R@1": 0.09999999403953552,
  "text_to_audio_R@5": 0.3400000035762787,
  "text_to_audio_R@10": 0.5600000023841858
}